Case ID;Court ID;Lawyer ssn;Client ssn;Case Value;Case Date
1;3;295-62-2630;836-18-7873;52007;2020-07-10
2;1;774-78-1028;836-18-7873;99284;2020-07-19
3;2;251-74-8573;663-41-7713;12562;2020-07-27
4;4;601-34-3357;002-14-8350;25849;2020-08-04
5;4;251-74-8573;663-41-7713;66786;2020-06-18
6;1;745-11-2147;663-41-7713;33769;2020-07-11
7;2;295-62-2630;065-39-2466;37271;2020-06-28
8;3;774-78-1028;065-39-2466;21217;2020-08-18
9;2;149-44-5404;836-18-7873;89395;2020-07-03
10;4;601-34-3357;002-14-8350;42739;2020-08-09
11;3;057-09-5985;300-16-9594;4525;2020-08-03
12;3;057-09-5985;836-18-7873;92913;2020-06-07
13;3;370-01-4095;328-97-5983;76253;2020-05-29
14;4;295-62-2630;407-02-9374;36542;2020-08-06
15;4;370-01-4095;002-14-8350;87027;2020-06-09
16;4;443-86-2818;407-02-9374;79542;2020-06-26
17;3;443-86-2818;513-57-8403;83233;2020-06-24
18;4;295-62-2630;106-34-8045;6382;2020-07-05
19;4;774-78-1028;616-05-7176;32829;2020-08-23
20;3;251-74-8573;836-18-7873;70360;2020-07-22
21;2;601-34-3357;513-57-8403;93142;2020-08-18
22;4;443-86-2818;300-16-9594;69924;2020-06-29
23;1;149-44-5404;616-05-7176;29129;2020-06-08
24;4;601-34-3357;407-02-9374;85741;2020-08-22
25;3;293-64-6251;002-14-8350;15765;2020-05-30
26;4;057-09-5985;663-41-7713;23789;2020-06-20
27;2;774-78-1028;407-02-9374;55542;2020-07-31
28;2;370-01-4095;513-57-8403;61620;2020-07-25
29;2;774-78-1028;065-39-2466;10139;2020-05-28
30;2;774-78-1028;616-05-7176;64319;2020-08-07
31;1;601-34-3357;513-57-8403;1670;2020-05-30
32;3;251-74-8573;616-05-7176;70828;2020-07-06
33;4;370-01-4095;663-41-7713;62654;2020-06-06
34;1;443-86-2818;300-16-9594;65145;2020-06-15
35;3;745-11-2147;836-18-7873;52386;2020-08-02
36;2;745-11-2147;300-16-9594;8768;2020-07-01
37;2;251-74-8573;663-41-7713;42184;2020-07-20
38;1;601-34-3357;663-41-7713;85843;2020-07-10
39;2;295-62-2630;616-05-7176;54561;2020-08-22
40;1;601-34-3357;513-57-8403;18646;2020-07-06
41;2;251-74-8573;513-57-8403;27815;2020-08-23
42;1;251-74-8573;300-16-9594;14254;2020-06-28
43;2;443-86-2818;300-16-9594;91308;2020-06-19
44;3;295-62-2630;328-97-5983;89546;2020-08-10
45;1;774-78-1028;663-41-7713;25790;2020-07-18
46;3;601-34-3357;300-16-9594;53660;2020-05-26
47;3;745-11-2147;328-97-5983;94172;2020-07-22
48;1;057-09-5985;407-02-9374;27808;2020-06-30
49;1;149-44-5404;663-41-7713;28325;2020-06-28
50;2;774-78-1028;616-05-7176;92756;2020-06-06
51;3;251-74-8573;513-57-8403;92526;2020-07-19
52;4;293-64-6251;616-05-7176;67100;2020-08-06
53;2;295-62-2630;002-14-8350;98588;2020-08-26
54;2;370-01-4095;836-18-7873;14601;2020-07-27
55;3;745-11-2147;663-41-7713;74710;2020-07-28
56;4;370-01-4095;328-97-5983;83176;2020-07-26
57;3;149-44-5404;663-41-7713;69350;2020-06-02
58;3;293-64-6251;065-39-2466;96512;2020-07-03
59;2;774-78-1028;328-97-5983;93264;2020-07-18
60;1;443-86-2818;065-39-2466;30439;2020-08-21
61;1;149-44-5404;328-97-5983;43974;2020-08-28
62;2;443-86-2818;663-41-7713;2945;2020-06-13
63;4;057-09-5985;407-02-9374;21388;2020-06-24
64;3;293-64-6251;663-41-7713;94535;2020-06-29
65;1;295-62-2630;513-57-8403;5245;2020-07-25
66;3;295-62-2630;836-18-7873;2221;2020-06-04
67;1;745-11-2147;002-14-8350;6570;2020-07-28
68;4;057-09-5985;106-34-8045;45402;2020-06-01
69;3;293-64-6251;106-34-8045;38451;2020-06-16
70;1;251-74-8573;300-16-9594;95009;2020-06-02
71;3;251-74-8573;513-57-8403;83674;2020-08-16
72;3;443-86-2818;407-02-9374;69183;2020-08-16
73;1;774-78-1028;065-39-2466;48145;2020-06-07
74;1;295-62-2630;002-14-8350;65072;2020-07-08
75;4;251-74-8573;513-57-8403;80527;2020-08-30
76;4;149-44-5404;513-57-8403;45796;2020-05-31
77;1;295-62-2630;328-97-5983;9407;2020-08-25
78;1;251-74-8573;106-34-8045;36421;2020-06-13
79;1;293-64-6251;836-18-7873;29430;2020-06-13
80;4;370-01-4095;106-34-8045;35413;2020-08-25
81;3;293-64-6251;513-57-8403;85691;2020-08-18
82;3;057-09-5985;836-18-7873;66625;2020-07-02
83;3;149-44-5404;616-05-7176;82165;2020-07-01
84;2;251-74-8573;513-57-8403;27651;2020-06-17
85;3;601-34-3357;663-41-7713;42609;2020-07-22
86;4;293-64-6251;513-57-8403;63219;2020-05-25
87;1;251-74-8573;513-57-8403;95140;2020-07-03
88;2;293-64-6251;407-02-9374;9122;2020-08-08
89;4;251-74-8573;300-16-9594;12151;2020-08-04
90;1;057-09-5985;663-41-7713;34229;2020-08-31
91;4;745-11-2147;300-16-9594;38278;2020-06-15
92;4;745-11-2147;002-14-8350;37156;2020-07-14
93;3;745-11-2147;065-39-2466;74615;2020-06-08
94;2;149-44-5404;836-18-7873;29943;2020-07-24
95;2;601-34-3357;300-16-9594;54893;2020-07-05
96;4;251-74-8573;002-14-8350;46336;2020-06-09
97;2;057-09-5985;407-02-9374;48133;2020-08-15
98;3;057-09-5985;065-39-2466;79665;2020-08-14
99;1;293-64-6251;300-16-9594;44156;2020-08-16
100;4;293-64-6251;407-02-9374;24284;2020-06-09

